{
  "meta": {
    "env_level": "extreme",
    "sim_steps": 1000,
    "rl_training_timesteps": 500000,
    "code_commit": "0e69119",
    "ml_classifier": {
      "macro_F1": 0.82,
      "overall_acc": 0.85
    }
  },
  "conditions": {
    "A_NoIntervention": {
      "n_runs": 30,
      "collapse_rate": [
        1.0,
        0.0
      ],
      "avg_time_to_p4": [
        1000.0,
        0.0
      ],
      "avg_duration_stable_p4": [
        null,
        0.0
      ],
      "avg_total_fcrit_injected": 0.0,
      "avg_lever_cost": 5.83711051940918,
      "phase_occupancy": [
        0.0,
        0.02,
        0.042,
        0.937,
        0.001
      ],
      "fcrit_auc": 25554.404296875,
      "sm_auc": -1233.596923828125,
      "sm_slope": 0.005596354073268317,
      "diagnostics": {
        "SpeedIndex": [
          0.06762131027602682,
          0.19015140530907676,
          0.7992061257362366
        ],
        "CoupleIndex": [
          -0.10945827356215328,
          0.738448558397409,
          1.0078245878219605
        ],
        "rhoE": [
          0.4047637983668933,
          1.1945615385233879,
          9.73069175084432
        ]
      }
    },
    "B_TDInformed": {
      "n_runs": 30,
      "collapse_rate": [
        1.0,
        0.0
      ],
      "avg_time_to_p4": [
        1000.0,
        0.0
      ],
      "avg_duration_stable_p4": [
        null,
        0.0
      ],
      "avg_total_fcrit_injected": 0.0,
      "avg_lever_cost": 5.689249515533447,
      "phase_occupancy": [
        0.0,
        0.02,
        0.042,
        0.936,
        0.001
      ],
      "fcrit_auc": 25544.4765625,
      "sm_auc": -1287.732666015625,
      "sm_slope": 0.005698372433339023,
      "diagnostics": {
        "SpeedIndex": [
          0.06805669507525638,
          0.19058226590098584,
          0.7938867688179017
        ],
        "CoupleIndex": [
          -0.11349270273899004,
          0.7384618848151348,
          1.0138556996981303
        ],
        "rhoE": [
          0.40700508856012346,
          1.2303541279782928,
          10.122424761454264
        ]
      },
      "p_vs_NoIntervention": {
        "collapse_rate.p_vs_NoIntervention": null,
        "avg_time_to_p4.p_vs_NoIntervention": null,
        "avg_total_fcrit_injected.p_vs_NoIntervention": null
      }
    },
    "C_NaiveFcritBoost": {
      "n_runs": 30,
      "collapse_rate": [
        1.0,
        0.0
      ],
      "avg_time_to_p4": [
        1000.0,
        0.0
      ],
      "avg_duration_stable_p4": [
        null,
        0.0
      ],
      "avg_total_fcrit_injected": 415.0,
      "avg_lever_cost": 5.643810749053955,
      "phase_occupancy": [
        0.0,
        0.02,
        0.042,
        0.937,
        0.001
      ],
      "fcrit_auc": 26244.791015625,
      "sm_auc": -1299.7003173828125,
      "sm_slope": 0.005408101602767904,
      "diagnostics": {
        "SpeedIndex": [
          0.06888375532623571,
          0.18407542765412052,
          0.7794661660989125
        ],
        "CoupleIndex": [
          0.14599115020813463,
          0.31677015405625497,
          1.0178698499997456
        ],
        "rhoE": [
          0.4064333897252316,
          1.2290179382429158,
          10.191500663757324
        ]
      },
      "p_vs_NoIntervention": {
        "collapse_rate.p_vs_NoIntervention": null,
        "avg_time_to_p4.p_vs_NoIntervention": null,
        "avg_total_fcrit_injected.p_vs_NoIntervention": 0.0
      }
    },
    "D_RLAgentPolicy": {
      "n_runs": 30,
      "collapse_rate": [
        1.0,
        0.0
      ],
      "avg_time_to_p4": [
        1000.0,
        0.0
      ],
      "avg_duration_stable_p4": [
        null,
        0.0
      ],
      "avg_total_fcrit_injected": 0.020404651224207242,
      "avg_lever_cost": 4.895757675170898,
      "phase_occupancy": [
        0.0,
        0.209,
        0.402,
        0.379,
        0.01
      ],
      "fcrit_auc": 25699.94140625,
      "sm_auc": -1394.8887939453125,
      "sm_slope": 0.0063540203858255635,
      "diagnostics": {
        "SpeedIndex": [
          0.47117841390127035,
          0.07899794249196677,
          0.777936593691508
        ],
        "CoupleIndex": [
          -0.019507752486995343,
          0.47553155417994386,
          0.7534042758867144
        ],
        "rhoE": [
          1.950120393027513,
          2.7107639274142525,
          10.365436601638795
        ]
      },
      "rl_episode_return_mean": -81.03382501972177,
      "rl_steps_in_P4_mean": 0.03333333333333333,
      "p_vs_NoIntervention": {
        "collapse_rate.p_vs_NoIntervention": null,
        "avg_time_to_p4.p_vs_NoIntervention": null,
        "avg_total_fcrit_injected.p_vs_NoIntervention": 8.926721839362756e-07
      }
    }
  },
  "data_uri": "results/curves.parquet",
  "raw_log_uri": "results/run_logs.csv"
}