{
  "meta": {
    "env_level": "challenging",
    "sim_steps": 800,
    "rl_training_timesteps": 500000,
    "code_commit": "0e69119",
    "ml_classifier": {
      "macro_F1": 0.82,
      "overall_acc": 0.85
    }
  },
  "conditions": {
    "A_NoIntervention": {
      "n_runs": 30,
      "collapse_rate": [
        0.9666666666666667,
        0.033333333333333326
      ],
      "avg_time_to_p4": [
        290.03333333333336,
        18.45457195530798
      ],
      "avg_duration_stable_p4": [
        0.23333333333333334,
        0.1329015998738997
      ],
      "avg_total_fcrit_injected": 0.0,
      "avg_lever_cost": 26.62800407409668,
      "phase_occupancy": [
        0.0,
        0.127,
        0.254,
        0.521,
        0.098
      ],
      "fcrit_auc": 32501.47265625,
      "sm_auc": -816.4130859375,
      "sm_slope": -0.015684805936224403,
      "diagnostics": {
        "SpeedIndex": [
          0.3833241264873173,
          0.30916161686278093,
          1.5430234829584757
        ],
        "CoupleIndex": [
          0.6864884093921564,
          0.4684295606626081,
          1.0727803746859232
        ],
        "rhoE": [
          1.8705167777803482,
          2.128020781389032,
          15.51515916188558
        ]
      }
    },
    "B_TDInformed": {
      "n_runs": 30,
      "collapse_rate": [
        0.9666666666666667,
        0.033333333333333326
      ],
      "avg_time_to_p4": [
        311.3,
        23.41353130725611
      ],
      "avg_duration_stable_p4": [
        0.06666666666666667,
        0.046320555585310084
      ],
      "avg_total_fcrit_injected": 0.0,
      "avg_lever_cost": 26.772058486938477,
      "phase_occupancy": [
        0.0,
        0.127,
        0.25,
        0.516,
        0.107
      ],
      "fcrit_auc": 32494.6484375,
      "sm_auc": -816.5716552734375,
      "sm_slope": -0.013082279027395305,
      "diagnostics": {
        "SpeedIndex": [
          0.3830402262332405,
          0.31188556444378185,
          1.5260029514630635
        ],
        "CoupleIndex": [
          0.6756066770101111,
          0.4753289167675504,
          1.0663682659467062
        ],
        "rhoE": [
          2.0569041151100165,
          2.3331065976866108,
          16.699186420440675
        ]
      },
      "p_vs_NoIntervention": {
        "collapse_rate.p_vs_NoIntervention": 1.0,
        "avg_time_to_p4.p_vs_NoIntervention": 0.47864193272174904,
        "avg_total_fcrit_injected.p_vs_NoIntervention": null
      }
    },
    "C_NaiveFcritBoost": {
      "n_runs": 30,
      "collapse_rate": [
        0.9666666666666667,
        0.033333333333333326
      ],
      "avg_time_to_p4": [
        311.7,
        17.899216575676952
      ],
      "avg_duration_stable_p4": [
        12.1,
        6.731355689999406
      ],
      "avg_total_fcrit_injected": 327.5,
      "avg_lever_cost": 26.704978942871094,
      "phase_occupancy": [
        0.0,
        0.122,
        0.245,
        0.513,
        0.12
      ],
      "fcrit_auc": 33236.93359375,
      "sm_auc": -760.986328125,
      "sm_slope": -0.012299243324835387,
      "diagnostics": {
        "SpeedIndex": [
          0.36450473508605186,
          0.3031485966782787,
          1.5824824929237367
        ],
        "CoupleIndex": [
          0.6440180940219666,
          0.4822771089634444,
          1.05526815255483
        ],
        "rhoE": [
          2.1375298648284864,
          2.468834952599008,
          17.070677502950033
        ]
      },
      "p_vs_NoIntervention": {
        "collapse_rate.p_vs_NoIntervention": 1.0,
        "avg_time_to_p4.p_vs_NoIntervention": 0.4028248760549016,
        "avg_total_fcrit_injected.p_vs_NoIntervention": 0.0
      }
    },
    "D_RLAgentPolicy": {
      "n_runs": 30,
      "collapse_rate": [
        1.0,
        0.0
      ],
      "avg_time_to_p4": [
        800.0,
        0.0
      ],
      "avg_duration_stable_p4": [
        null,
        0.0
      ],
      "avg_total_fcrit_injected": 0.0,
      "avg_lever_cost": 7.19087028503418,
      "phase_occupancy": [
        0.0,
        0.025,
        0.05,
        0.837,
        0.088
      ],
      "fcrit_auc": 38664.1875,
      "sm_auc": -405.994873046875,
      "sm_slope": -0.011749921914722239,
      "diagnostics": {
        "SpeedIndex": [
          0.09402717744530624,
          0.2175715438757517,
          1.3847705284754435
        ],
        "CoupleIndex": [
          0.13513249633989763,
          0.49894963159927375,
          1.0212521195411681
        ],
        "rhoE": [
          0.7457046857029653,
          2.0916784830275597,
          14.179379876454671
        ]
      },
      "rl_episode_return_mean": -49.0939918222582,
      "rl_steps_in_P4_mean": 69.2,
      "p_vs_NoIntervention": {
        "collapse_rate.p_vs_NoIntervention": 0.32558198801619365,
        "avg_time_to_p4.p_vs_NoIntervention": 2.2024832892134747e-22,
        "avg_total_fcrit_injected.p_vs_NoIntervention": null
      }
    }
  },
  "data_uri": "results/curves.parquet",
  "raw_log_uri": "results/run_logs.csv"
}