{
  "meta": {
    "env_level": "challenging",
    "sim_steps": 800,
    "rl_training_timesteps": 500000,
    "code_commit": "0e69119",
    "ml_classifier": {
      "macro_F1": 0.82,
      "overall_acc": 0.85
    }
  },
  "conditions": {
    "RL_challenging": {
      "n_runs": 30,
      "collapse_rate": [
        1.0,
        0.0
      ],
      "avg_time_to_p4": [
        800.0,
        0.0
      ],
      "avg_duration_stable_p4": [
        null,
        0.0
      ],
      "avg_total_fcrit_injected": 0.0,
      "avg_lever_cost": 7.206379413604736,
      "phase_occupancy": [
        0.0,
        0.026,
        0.052,
        0.838,
        0.084
      ],
      "fcrit_auc": 38597.1640625,
      "sm_auc": -425.70953369140625,
      "sm_slope": -0.011840894950819867,
      "diagnostics": {
        "SpeedIndex": [
          0.09557799876519699,
          0.22080782601097837,
          1.410279275973638
        ],
        "CoupleIndex": [
          0.1389296302616293,
          0.4879719646067574,
          1.022804468870163
        ],
        "rhoE": [
          0.7516875962364942,
          2.0835843588626726,
          13.950978406270345
        ]
      },
      "rl_episode_return_mean": -763.2332003158982,
      "rl_steps_in_P4_mean": 66.26666666666667
    }
  },
  "data_uri": "results/curves.parquet",
  "raw_log_uri": "results/run_logs.csv"
}