{
  "meta": {
    "env_level": "default",
    "sim_steps": 600,
    "rl_training_timesteps": 500000,
    "code_commit": "1e3d31a",
    "ml_classifier": {
      "macro_F1": 0.82,
      "overall_acc": 0.85
    }
  },
  "conditions": {
    "A_NoIntervention": {
      "n_runs": 30,
      "collapse_rate": [
        0.0,
        0.0
      ],
      "avg_time_to_p4": [
        138.06666666666666,
        0.8261993488164184
      ],
      "avg_duration_stable_p4": [
        149.4,
        1.761399652444664
      ],
      "avg_total_fcrit_injected": 0.0,
      "avg_lever_cost": 11.578790664672852,
      "phase_occupancy": [
        0.0,
        0.067,
        0.139,
        0.257,
        0.537
      ],
      "fcrit_auc": 57583.7890625,
      "sm_auc": 370.60455322265625,
      "sm_slope": -0.005141724073283728,
      "diagnostics": {
        "SpeedIndex": [
          0.10507461740612255,
          0.1813304159163031,
          1.0717211941878
        ],
        "CoupleIndex": [
          0.319068969939112,
          0.5645697598315064,
          1.0376738588015237
        ],
        "rhoE": [
          2.900397169528106,
          3.9764994088795755,
          19.960142517089842
        ]
      }
    },
    "B_TDInformed": {
      "n_runs": 30,
      "collapse_rate": [
        0.0,
        0.0
      ],
      "avg_time_to_p4": [
        137.13333333333333,
        0.5788083941064802
      ],
      "avg_duration_stable_p4": [
        151.0,
        1.5785924182601745
      ],
      "avg_total_fcrit_injected": 0.0,
      "avg_lever_cost": 11.25135326385498,
      "phase_occupancy": [
        0.0,
        0.068,
        0.135,
        0.256,
        0.54
      ],
      "fcrit_auc": 57633.3125,
      "sm_auc": 396.956787109375,
      "sm_slope": -0.003904067905885832,
      "diagnostics": {
        "SpeedIndex": [
          0.10389227296714867,
          0.1794339433541093,
          1.0443940500418345
        ],
        "CoupleIndex": [
          0.31633884849272753,
          0.5733999315322732,
          1.0407411773999533
        ],
        "rhoE": [
          2.8894843716733636,
          3.8953890563684253,
          19.24720942179362
        ]
      },
      "p_vs_NoIntervention": {
        "collapse_rate.p_vs_NoIntervention": null,
        "avg_time_to_p4.p_vs_NoIntervention": 0.3591325937022377,
        "avg_total_fcrit_injected.p_vs_NoIntervention": null
      }
    },
    "C_NaiveFcritBoost": {
      "n_runs": 30,
      "collapse_rate": [
        0.0,
        0.0
      ],
      "avg_time_to_p4": [
        140.03333333333333,
        0.7183687352931942
      ],
      "avg_duration_stable_p4": [
        150.56666666666666,
        1.7621064545276837
      ],
      "avg_total_fcrit_injected": 32.333333333333336,
      "avg_lever_cost": 11.715068817138672,
      "phase_occupancy": [
        0.0,
        0.069,
        0.138,
        0.256,
        0.536
      ],
      "fcrit_auc": 57628.17578125,
      "sm_auc": 388.19964599609375,
      "sm_slope": -0.005381465723117193,
      "diagnostics": {
        "SpeedIndex": [
          0.10160934589416816,
          0.1752649694869933,
          1.037906046708425
        ],
        "CoupleIndex": [
          0.34016045117993543,
          0.5654846838456666,
          1.0406015555063883
        ],
        "rhoE": [
          2.9001035312905796,
          3.8156121655415944,
          18.3768479347229
        ]
      },
      "p_vs_NoIntervention": {
        "collapse_rate.p_vs_NoIntervention": null,
        "avg_time_to_p4.p_vs_NoIntervention": 0.07775322099294264,
        "avg_total_fcrit_injected.p_vs_NoIntervention": 2.6860890409389687e-34
      }
    },
    "D_RLAgentPolicy": {
      "n_runs": 30,
      "collapse_rate": [
        0.16666666666666666,
        0.06920456654478331
      ],
      "avg_time_to_p4": [
        130.06666666666666,
        0.7012850820340648
      ],
      "avg_duration_stable_p4": [
        150.33333333333334,
        1.6353377332880532
      ],
      "avg_total_fcrit_injected": 0.0,
      "avg_lever_cost": 11.622100830078125,
      "phase_occupancy": [
        0.0,
        0.072,
        0.138,
        0.223,
        0.567
      ],
      "fcrit_auc": 57527.8125,
      "sm_auc": 377.7645263671875,
      "sm_slope": -0.004949900884979539,
      "diagnostics": {
        "SpeedIndex": [
          0.10684985343783916,
          0.1829963791634944,
          1.0749520381291708
        ],
        "CoupleIndex": [
          0.28678069290573627,
          0.5667402367885098,
          1.0507058421770732
        ],
        "rhoE": [
          3.2203144586702055,
          4.386509715446908,
          22.548335965474447
        ]
      },
      "rl_episode_return_mean": 2162.7369444878696,
      "rl_steps_in_P4_mean": 153.86666666666667,
      "p_vs_NoIntervention": {
        "collapse_rate.p_vs_NoIntervention": 0.022608379396792617,
        "avg_time_to_p4.p_vs_NoIntervention": 7.694834744128514e-10,
        "avg_total_fcrit_injected.p_vs_NoIntervention": null
      }
    }
  },
  "data_uri": "results/curves.parquet",
  "raw_log_uri": "results/run_logs.csv"
}