{
  "meta": {
    "env_level": "default",
    "sim_steps": 600,
    "rl_training_timesteps": 500000,
    "code_commit": "0e69119",
    "ml_classifier": {
      "macro_F1": 0.82,
      "overall_acc": 0.85
    }
  },
  "conditions": {
    "A_NoIntervention": {
      "n_runs": 30,
      "collapse_rate": [
        0.06666666666666667,
        0.046320555585310084
      ],
      "avg_time_to_p4": [
        137.96666666666667,
        0.7373193655013377
      ],
      "avg_duration_stable_p4": [
        147.66666666666666,
        1.6953847651538305
      ],
      "avg_total_fcrit_injected": 0.0,
      "avg_lever_cost": 11.496922492980957,
      "phase_occupancy": [
        0.0,
        0.069,
        0.136,
        0.256,
        0.539
      ],
      "fcrit_auc": 57602.74609375,
      "sm_auc": 384.3095397949219,
      "sm_slope": -0.004672914563722553,
      "diagnostics": {
        "SpeedIndex": [
          0.10439538209523827,
          0.18000652925412627,
          1.051605268319448
        ],
        "CoupleIndex": [
          0.32398628947540775,
          0.561831078503109,
          1.0416787306467692
        ],
        "rhoE": [
          2.8879076013045593,
          3.838850133863543,
          18.444145043690998
        ]
      }
    },
    "B_TDInformed": {
      "n_runs": 30,
      "collapse_rate": [
        0.0,
        0.0
      ],
      "avg_time_to_p4": [
        139.03333333333333,
        0.5783117190965825
      ],
      "avg_duration_stable_p4": [
        152.23333333333332,
        1.6996844422024737
      ],
      "avg_total_fcrit_injected": 0.0,
      "avg_lever_cost": 11.459568977355957,
      "phase_occupancy": [
        0.0,
        0.068,
        0.138,
        0.256,
        0.539
      ],
      "fcrit_auc": 57609.5703125,
      "sm_auc": 389.37371826171875,
      "sm_slope": -0.004820155506887074,
      "diagnostics": {
        "SpeedIndex": [
          0.10492487556187881,
          0.18098421223032693,
          1.0640223582585653
        ],
        "CoupleIndex": [
          0.3203125911887169,
          0.5682136505571698,
          1.0382178505261739
        ],
        "rhoE": [
          2.895142539050573,
          3.873865401504095,
          18.87794558207194
        ]
      },
      "p_vs_NoIntervention": {
        "collapse_rate.p_vs_NoIntervention": 0.1607882084258767,
        "avg_time_to_p4.p_vs_NoIntervention": 0.25993550115749753,
        "avg_total_fcrit_injected.p_vs_NoIntervention": null
      }
    },
    "C_NaiveFcritBoost": {
      "n_runs": 30,
      "collapse_rate": [
        0.0,
        0.0
      ],
      "avg_time_to_p4": [
        139.03333333333333,
        0.7021859683158137
      ],
      "avg_duration_stable_p4": [
        151.7,
        1.757185576262589
      ],
      "avg_total_fcrit_injected": 32.25,
      "avg_lever_cost": 11.409754753112793,
      "phase_occupancy": [
        0.0,
        0.069,
        0.138,
        0.256,
        0.537
      ],
      "fcrit_auc": 57636.125,
      "sm_auc": 411.9969482421875,
      "sm_slope": -0.005662082459284215,
      "diagnostics": {
        "SpeedIndex": [
          0.10104140115718423,
          0.1742577914377116,
          1.0220938007036844
        ],
        "CoupleIndex": [
          0.3424131856921741,
          0.564267904468606,
          1.0428143302599588
        ],
        "rhoE": [
          2.882187003130566,
          3.8801024626104246,
          19.308707586924235
        ]
      },
      "p_vs_NoIntervention": {
        "collapse_rate.p_vs_NoIntervention": 0.1607882084258767,
        "avg_time_to_p4.p_vs_NoIntervention": 0.29917307182843017,
        "avg_total_fcrit_injected.p_vs_NoIntervention": 1.168916224339119e-33
      }
    },
    "D_RLAgentPolicy": {
      "n_runs": 30,
      "collapse_rate": [
        0.4,
        0.09097176522946843
      ],
      "avg_time_to_p4": [
        128.26666666666668,
        0.6157573289231769
      ],
      "avg_duration_stable_p4": [
        147.1,
        1.954276183731166
      ],
      "avg_total_fcrit_injected": 0.0,
      "avg_lever_cost": 11.7835054397583,
      "phase_occupancy": [
        0.0,
        0.075,
        0.137,
        0.223,
        0.566
      ],
      "fcrit_auc": 57563.37890625,
      "sm_auc": 364.9395446777344,
      "sm_slope": -0.004386752208162632,
      "diagnostics": {
        "SpeedIndex": [
          0.10678253127154744,
          0.1814699322445315,
          1.0559555391470592
        ],
        "CoupleIndex": [
          0.2892355444013918,
          0.5711089388951383,
          1.0384418050448099
        ],
        "rhoE": [
          3.2459392089201073,
          4.411839434004873,
          22.62407461802165
        ]
      },
      "rl_episode_return_mean": 2144.235676913088,
      "rl_steps_in_P4_mean": 152.96666666666667,
      "p_vs_NoIntervention": {
        "collapse_rate.p_vs_NoIntervention": 0.0021478184464066336,
        "avg_time_to_p4.p_vs_NoIntervention": 3.0765535807343046e-14,
        "avg_total_fcrit_injected.p_vs_NoIntervention": null
      }
    }
  },
  "data_uri": "results/curves.parquet",
  "raw_log_uri": "results/run_logs.csv"
}