{
  "meta": {
    "env_level": "easy_debug",
    "sim_steps": 600,
    "rl_training_timesteps": 500000,
    "code_commit": "1e3d31a",
    "ml_classifier": {
      "macro_F1": 0.82,
      "overall_acc": 0.85
    }
  },
  "conditions": {
    "RL_easy_debug": {
      "n_runs": 30,
      "collapse_rate": [
        1.0,
        0.0
      ],
      "avg_time_to_p4": [
        600.0,
        0.0
      ],
      "avg_duration_stable_p4": [
        null,
        0.0
      ],
      "avg_total_fcrit_injected": 0.0,
      "avg_lever_cost": 5.68035364151001,
      "phase_occupancy": [
        0.0,
        0.035,
        0.069,
        0.812,
        0.084
      ],
      "fcrit_auc": 58480.96875,
      "sm_auc": 416.5679931640625,
      "sm_slope": -0.004290641777217387,
      "diagnostics": {
        "SpeedIndex": [
          0.053068737253242175,
          0.13878752215431595,
          1.0310699820518494
        ],
        "CoupleIndex": [
          0.08637879928998254,
          0.561105214749393,
          1.0154963215192159
        ],
        "rhoE": [
          0.734943103619402,
          1.4930407501854848,
          8.274846267700195
        ]
      },
      "rl_episode_return_mean": -524.3403751055052,
      "rl_steps_in_P4_mean": 49.2
    }
  },
  "data_uri": "results/curves.parquet",
  "raw_log_uri": "results/run_logs.csv"
}