{
  "meta": {
    "env_level": "challenging",
    "sim_steps": 800,
    "rl_training_timesteps": 500000,
    "code_commit": "1e3d31a",
    "ml_classifier": {
      "macro_F1": 0.82,
      "overall_acc": 0.85
    }
  },
  "conditions": {
    "RL_challenging": {
      "n_runs": 30,
      "collapse_rate": [
        1.0,
        0.0
      ],
      "avg_time_to_p4": [
        800.0,
        0.0
      ],
      "avg_duration_stable_p4": [
        null,
        0.0
      ],
      "avg_total_fcrit_injected": 0.0,
      "avg_lever_cost": 7.374643802642822,
      "phase_occupancy": [
        0.0,
        0.026,
        0.052,
        0.834,
        0.087
      ],
      "fcrit_auc": 38556.66015625,
      "sm_auc": -417.16705322265625,
      "sm_slope": -0.012137464124531974,
      "diagnostics": {
        "SpeedIndex": [
          0.09738773596687274,
          0.22416150173686664,
          1.4405579129854837
        ],
        "CoupleIndex": [
          0.14210787991414417,
          0.4900933963945081,
          1.0262518584728242
        ],
        "rhoE": [
          0.7668388452639351,
          2.1299801737140487,
          14.266940879821778
        ]
      },
      "rl_episode_return_mean": -735.292848571183,
      "rl_steps_in_P4_mean": 69.03333333333333
    }
  },
  "data_uri": "results/curves.parquet",
  "raw_log_uri": "results/run_logs.csv"
}