{
  "meta": {
    "env_level": "extreme",
    "sim_steps": 1000,
    "rl_training_timesteps": 500000,
    "code_commit": "0e69119",
    "ml_classifier": {
      "macro_F1": 0.82,
      "overall_acc": 0.85
    }
  },
  "conditions": {
    "RL_extreme": {
      "n_runs": 30,
      "collapse_rate": [
        1.0,
        0.0
      ],
      "avg_time_to_p4": [
        1000.0,
        0.0
      ],
      "avg_duration_stable_p4": [
        null,
        0.0
      ],
      "avg_total_fcrit_injected": 0.02813340610165046,
      "avg_lever_cost": 4.458817005157471,
      "phase_occupancy": [
        0.0,
        0.261,
        0.474,
        0.253,
        0.012
      ],
      "fcrit_auc": 25925.7265625,
      "sm_auc": -1562.08251953125,
      "sm_slope": 0.004626460199443889,
      "diagnostics": {
        "SpeedIndex": [
          0.5586604114092428,
          0.058055606764182935,
          0.7736541469891866
        ],
        "CoupleIndex": [
          0.1565213475673149,
          0.41288742872734985,
          0.8351102986683449
        ],
        "rhoE": [
          2.243698146317558,
          2.7798446922552955,
          9.457146088282267
        ]
      },
      "rl_episode_return_mean": -709.3143416306941,
      "rl_steps_in_P4_mean": 0.06666666666666667
    }
  },
  "data_uri": "results/curves.parquet",
  "raw_log_uri": "results/run_logs.csv"
}