{
  "meta": {
    "env_level": "default",
    "sim_steps": 600,
    "rl_training_timesteps": 500000,
    "code_commit": "1e3d31a",
    "ml_classifier": {
      "macro_F1": 0.82,
      "overall_acc": 0.85
    }
  },
  "conditions": {
    "RL_default": {
      "n_runs": 30,
      "collapse_rate": [
        1.0,
        0.0
      ],
      "avg_time_to_p4": [
        600.0,
        0.0
      ],
      "avg_duration_stable_p4": [
        null,
        0.0
      ],
      "avg_total_fcrit_injected": 0.0,
      "avg_lever_cost": 5.716221332550049,
      "phase_occupancy": [
        0.0,
        0.034,
        0.07,
        0.811,
        0.085
      ],
      "fcrit_auc": 58469.7890625,
      "sm_auc": 423.95562744140625,
      "sm_slope": -0.004462884636684542,
      "diagnostics": {
        "SpeedIndex": [
          0.0528442859040699,
          0.13819457889430295,
          1.0257251640160878
        ],
        "CoupleIndex": [
          0.08230925713992815,
          0.5637288658396765,
          1.018207856019338
        ],
        "rhoE": [
          0.7875392316898764,
          1.5891486586358505,
          8.767813316980998
        ]
      },
      "rl_episode_return_mean": -512.6177674679727,
      "rl_steps_in_P4_mean": 49.96666666666667
    }
  },
  "data_uri": "results/curves.parquet",
  "raw_log_uri": "results/run_logs.csv"
}