{
  "meta": {
    "env_level": "easy_debug",
    "sim_steps": 600,
    "rl_training_timesteps": 500000,
    "code_commit": "1e3d31a",
    "ml_classifier": {
      "macro_F1": 0.82,
      "overall_acc": 0.85
    }
  },
  "conditions": {
    "A_NoIntervention": {
      "n_runs": 30,
      "collapse_rate": [
        0.0,
        0.0
      ],
      "avg_time_to_p4": [
        140.26666666666668,
        0.571212329089818
      ],
      "avg_duration_stable_p4": [
        148.66666666666666,
        1.7845655856543674
      ],
      "avg_total_fcrit_injected": 0.0,
      "avg_lever_cost": 11.536508560180664,
      "phase_occupancy": [
        0.0,
        0.07,
        0.138,
        0.256,
        0.536
      ],
      "fcrit_auc": 57577.21875,
      "sm_auc": 387.5542297363281,
      "sm_slope": -0.004857712059858299,
      "diagnostics": {
        "SpeedIndex": [
          0.10649425788392394,
          0.18352735163252779,
          1.0851031363010406
        ],
        "CoupleIndex": [
          0.32274009177846597,
          0.5719207774224685,
          1.0389354228973389
        ],
        "rhoE": [
          2.879196926355905,
          3.8006216728504345,
          18.5920121828715
        ]
      }
    },
    "B_TDInformed": {
      "n_runs": 30,
      "collapse_rate": [
        0.06666666666666667,
        0.046320555585310084
      ],
      "avg_time_to_p4": [
        138.66666666666666,
        0.5149117396378318
      ],
      "avg_duration_stable_p4": [
        148.9,
        1.6810984367439608
      ],
      "avg_total_fcrit_injected": 0.0,
      "avg_lever_cost": 11.550654411315918,
      "phase_occupancy": [
        0.0,
        0.068,
        0.135,
        0.256,
        0.54
      ],
      "fcrit_auc": 57617.47265625,
      "sm_auc": 371.90869140625,
      "sm_slope": -0.0038435678770322172,
      "diagnostics": {
        "SpeedIndex": [
          0.10374071566927248,
          0.17908391496630363,
          1.0434575180212657
        ],
        "CoupleIndex": [
          0.3191115713517316,
          0.5715103537313186,
          1.042978580792745
        ],
        "rhoE": [
          2.8943300664611016,
          3.853380310586469,
          18.98501310348511
        ]
      },
      "p_vs_NoIntervention": {
        "collapse_rate.p_vs_NoIntervention": 0.1607882084258767,
        "avg_time_to_p4.p_vs_NoIntervention": 0.04195237279870361,
        "avg_total_fcrit_injected.p_vs_NoIntervention": null
      }
    },
    "C_NaiveFcritBoost": {
      "n_runs": 30,
      "collapse_rate": [
        0.0,
        0.0
      ],
      "avg_time_to_p4": [
        139.76666666666668,
        0.5846372946396122
      ],
      "avg_duration_stable_p4": [
        151.93333333333334,
        1.4581781526631834
      ],
      "avg_total_fcrit_injected": 32.166666666666664,
      "avg_lever_cost": 11.683192253112793,
      "phase_occupancy": [
        0.0,
        0.069,
        0.137,
        0.257,
        0.538
      ],
      "fcrit_auc": 57634.7421875,
      "sm_auc": 395.0460205078125,
      "sm_slope": -0.004610190365286099,
      "diagnostics": {
        "SpeedIndex": [
          0.1012901716065291,
          0.17493165149845474,
          1.0347457965215048
        ],
        "CoupleIndex": [
          0.3446576944827154,
          0.556483122660357,
          1.0373069405555726
        ],
        "rhoE": [
          2.8795936202785137,
          3.8426138874543616,
          19.057018121083576
        ]
      },
      "p_vs_NoIntervention": {
        "collapse_rate.p_vs_NoIntervention": null,
        "avg_time_to_p4.p_vs_NoIntervention": 0.5431132472986868,
        "avg_total_fcrit_injected.p_vs_NoIntervention": 6.973868587411814e-34
      }
    },
    "D_RLAgentPolicy": {
      "n_runs": 30,
      "collapse_rate": [
        0.4,
        0.09097176522946843
      ],
      "avg_time_to_p4": [
        127.93333333333334,
        0.5890442938155233
      ],
      "avg_duration_stable_p4": [
        148.5,
        1.7483982817779642
      ],
      "avg_total_fcrit_injected": 0.0,
      "avg_lever_cost": 11.991458892822266,
      "phase_occupancy": [
        0.0,
        0.074,
        0.138,
        0.222,
        0.566
      ],
      "fcrit_auc": 57539.015625,
      "sm_auc": 385.05364990234375,
      "sm_slope": -0.003966867368313528,
      "diagnostics": {
        "SpeedIndex": [
          0.1071184924117372,
          0.181911230903495,
          1.0691243747870127
        ],
        "CoupleIndex": [
          0.29103738638724785,
          0.5626063317942792,
          1.04829896291097
        ],
        "rhoE": [
          3.245546802653304,
          4.347946990666999,
          22.31961949666341
        ]
      },
      "rl_episode_return_mean": 2141.7214793416088,
      "rl_steps_in_P4_mean": 152.6,
      "p_vs_NoIntervention": {
        "collapse_rate.p_vs_NoIntervention": 0.00013493282770603133,
        "avg_time_to_p4.p_vs_NoIntervention": 1.1799234079877487e-21,
        "avg_total_fcrit_injected.p_vs_NoIntervention": null
      }
    }
  },
  "data_uri": "results/curves.parquet",
  "raw_log_uri": "results/run_logs.csv"
}