{
  "meta": {
    "env_level": "extreme",
    "sim_steps": 1000,
    "rl_training_timesteps": 500000,
    "code_commit": "1e3d31a",
    "ml_classifier": {
      "macro_F1": 0.82,
      "overall_acc": 0.85
    }
  },
  "conditions": {
    "A_NoIntervention": {
      "n_runs": 30,
      "collapse_rate": [
        1.0,
        0.0
      ],
      "avg_time_to_p4": [
        1000.0,
        0.0
      ],
      "avg_duration_stable_p4": [
        null,
        0.0
      ],
      "avg_total_fcrit_injected": 0.0,
      "avg_lever_cost": 5.730506420135498,
      "phase_occupancy": [
        0.0,
        0.02,
        0.041,
        0.937,
        0.001
      ],
      "fcrit_auc": 25576.10546875,
      "sm_auc": -1208.714599609375,
      "sm_slope": 0.0058427622556642056,
      "diagnostics": {
        "SpeedIndex": [
          0.06679848372546651,
          0.18870261847251968,
          0.800199544429779
        ],
        "CoupleIndex": [
          -0.09917408716094595,
          0.7382309287799522,
          1.0143587330977122
        ],
        "rhoE": [
          0.4102028447574687,
          1.246530024526451,
          10.272418959935505
        ]
      }
    },
    "B_TDInformed": {
      "n_runs": 30,
      "collapse_rate": [
        1.0,
        0.0
      ],
      "avg_time_to_p4": [
        1000.0,
        0.0
      ],
      "avg_duration_stable_p4": [
        null,
        0.0
      ],
      "avg_total_fcrit_injected": 0.0,
      "avg_lever_cost": 5.867490291595459,
      "phase_occupancy": [
        0.0,
        0.02,
        0.042,
        0.937,
        0.001
      ],
      "fcrit_auc": 25569.099609375,
      "sm_auc": -1281.945068359375,
      "sm_slope": 0.005026576954195098,
      "diagnostics": {
        "SpeedIndex": [
          0.06760338581416524,
          0.1901019169912438,
          0.8004993518193563
        ],
        "CoupleIndex": [
          -0.1155229144167116,
          0.7375617728950313,
          1.0098260521888733
        ],
        "rhoE": [
          0.404632050601226,
          1.199174384700835,
          9.8023992061615
        ]
      },
      "p_vs_NoIntervention": {
        "collapse_rate.p_vs_NoIntervention": null,
        "avg_time_to_p4.p_vs_NoIntervention": null,
        "avg_total_fcrit_injected.p_vs_NoIntervention": null
      }
    },
    "C_NaiveFcritBoost": {
      "n_runs": 30,
      "collapse_rate": [
        1.0,
        0.0
      ],
      "avg_time_to_p4": [
        1000.0,
        0.0
      ],
      "avg_duration_stable_p4": [
        null,
        0.0
      ],
      "avg_total_fcrit_injected": 415.0,
      "avg_lever_cost": 5.639717102050781,
      "phase_occupancy": [
        0.0,
        0.021,
        0.041,
        0.937,
        0.001
      ],
      "fcrit_auc": 26244.73828125,
      "sm_auc": -1281.1739501953125,
      "sm_slope": 0.005842695256695151,
      "diagnostics": {
        "SpeedIndex": [
          0.06867045968594361,
          0.18395633105853493,
          0.7820283432801565
        ],
        "CoupleIndex": [
          0.14269203059343763,
          0.3171069447266055,
          1.0116454740365346
        ],
        "rhoE": [
          0.40653181013239076,
          1.2101844433689473,
          9.861359977722168
        ]
      },
      "p_vs_NoIntervention": {
        "collapse_rate.p_vs_NoIntervention": null,
        "avg_time_to_p4.p_vs_NoIntervention": null,
        "avg_total_fcrit_injected.p_vs_NoIntervention": 0.0
      }
    },
    "D_RLAgentPolicy": {
      "n_runs": 30,
      "collapse_rate": [
        1.0,
        0.0
      ],
      "avg_time_to_p4": [
        1000.0,
        0.0
      ],
      "avg_duration_stable_p4": [
        null,
        0.0
      ],
      "avg_total_fcrit_injected": 0.019152616700065978,
      "avg_lever_cost": 4.994939804077148,
      "phase_occupancy": [
        0.0,
        0.157,
        0.3,
        0.535,
        0.009
      ],
      "fcrit_auc": 25729.53125,
      "sm_auc": -1303.6099853515625,
      "sm_slope": 0.006290858006887451,
      "diagnostics": {
        "SpeedIndex": [
          0.3567216779432048,
          0.10786127177698404,
          0.7806681752204895
        ],
        "CoupleIndex": [
          -0.03389859734177166,
          0.5601268958978004,
          0.8566347564260165
        ],
        "rhoE": [
          1.5181439798579912,
          2.2734003369088978,
          10.418223969141643
        ]
      },
      "rl_episode_return_mean": -97.3156441516936,
      "rl_steps_in_P4_mean": 0.13333333333333333,
      "p_vs_NoIntervention": {
        "collapse_rate.p_vs_NoIntervention": null,
        "avg_time_to_p4.p_vs_NoIntervention": null,
        "avg_total_fcrit_injected.p_vs_NoIntervention": 1.975190796831215e-05
      }
    }
  },
  "data_uri": "results/curves.parquet",
  "raw_log_uri": "results/run_logs.csv"
}