{
  "meta": {
    "env_level": "extreme",
    "sim_steps": 1000,
    "rl_training_timesteps": 500000,
    "code_commit": "1e3d31a",
    "ml_classifier": {
      "macro_F1": 0.82,
      "overall_acc": 0.85
    }
  },
  "conditions": {
    "RL_extreme": {
      "n_runs": 30,
      "collapse_rate": [
        1.0,
        0.0
      ],
      "avg_time_to_p4": [
        1000.0,
        0.0
      ],
      "avg_duration_stable_p4": [
        null,
        0.0
      ],
      "avg_total_fcrit_injected": 0.02612825017594037,
      "avg_lever_cost": 5.052420139312744,
      "phase_occupancy": [
        0.0,
        0.174,
        0.315,
        0.502,
        0.009
      ],
      "fcrit_auc": 25907.625,
      "sm_auc": -1510.4061279296875,
      "sm_slope": 0.004277056305706668,
      "diagnostics": {
        "SpeedIndex": [
          0.3818053401870143,
          0.10288106967830563,
          0.7806630869706471
        ],
        "CoupleIndex": [
          0.07568426977208069,
          0.49752754620126105,
          0.8311750909934441
        ],
        "rhoE": [
          1.5871321281800852,
          2.1808923821623316,
          9.383033068974813
        ]
      },
      "rl_episode_return_mean": -1176.89310896186,
      "rl_steps_in_P4_mean": 0.2
    }
  },
  "data_uri": "results/curves.parquet",
  "raw_log_uri": "results/run_logs.csv"
}