{
  "meta": {
    "env_level": "challenging",
    "sim_steps": 800,
    "rl_training_timesteps": 500000,
    "code_commit": "1e3d31a",
    "ml_classifier": {
      "macro_F1": 0.82,
      "overall_acc": 0.85
    }
  },
  "conditions": {
    "A_NoIntervention": {
      "n_runs": 30,
      "collapse_rate": [
        0.9333333333333333,
        0.046320555585310084
      ],
      "avg_time_to_p4": [
        297.6333333333333,
        14.654604496546183
      ],
      "avg_duration_stable_p4": [
        0.2,
        0.12129568697262455
      ],
      "avg_total_fcrit_injected": 0.0,
      "avg_lever_cost": 26.99611473083496,
      "phase_occupancy": [
        0.0,
        0.128,
        0.253,
        0.52,
        0.098
      ],
      "fcrit_auc": 32376.12890625,
      "sm_auc": -823.231201171875,
      "sm_slope": -0.01248253243168195,
      "diagnostics": {
        "SpeedIndex": [
          0.38568600236961054,
          0.3117653385019972,
          1.5789953033129374
        ],
        "CoupleIndex": [
          0.6842312866684871,
          0.47463276386437464,
          1.0598845601081848
        ],
        "rhoE": [
          1.8925258944542973,
          2.1225080268132808,
          15.357524903615316
        ]
      }
    },
    "B_TDInformed": {
      "n_runs": 30,
      "collapse_rate": [
        0.9666666666666667,
        0.03333333333333333
      ],
      "avg_time_to_p4": [
        291.06666666666666,
        16.727699743160084
      ],
      "avg_duration_stable_p4": [
        0.26666666666666666,
        0.15111336486937743
      ],
      "avg_total_fcrit_injected": 0.0,
      "avg_lever_cost": 26.950529098510742,
      "phase_occupancy": [
        0.0,
        0.127,
        0.252,
        0.519,
        0.102
      ],
      "fcrit_auc": 32484.93359375,
      "sm_auc": -829.54150390625,
      "sm_slope": -0.014090593135605255,
      "diagnostics": {
        "SpeedIndex": [
          0.3844679506559144,
          0.3125232359046081,
          1.6022876779238382
        ],
        "CoupleIndex": [
          0.6817694516733671,
          0.47944551900951193,
          1.0698863903681437
        ],
        "rhoE": [
          1.9871604947518462,
          2.197279930519736,
          15.499970563252766
        ]
      },
      "p_vs_NoIntervention": {
        "collapse_rate.p_vs_NoIntervention": 0.5616437193483339,
        "avg_time_to_p4.p_vs_NoIntervention": 0.7688549612901844,
        "avg_total_fcrit_injected.p_vs_NoIntervention": null
      }
    },
    "C_NaiveFcritBoost": {
      "n_runs": 30,
      "collapse_rate": [
        0.9666666666666667,
        0.033333333333333326
      ],
      "avg_time_to_p4": [
        264.3666666666667,
        20.094803087144477
      ],
      "avg_duration_stable_p4": [
        7.933333333333334,
        5.328934967957509
      ],
      "avg_total_fcrit_injected": 327.5833333333333,
      "avg_lever_cost": 26.96280860900879,
      "phase_occupancy": [
        0.0,
        0.123,
        0.248,
        0.513,
        0.116
      ],
      "fcrit_auc": 33142.09375,
      "sm_auc": -804.202880859375,
      "sm_slope": -0.013033887677781634,
      "diagnostics": {
        "SpeedIndex": [
          0.36644815523960156,
          0.3042020080206272,
          1.598890527089437
        ],
        "CoupleIndex": [
          0.6415095537170828,
          0.48514076790332766,
          1.0613570054372152
        ],
        "rhoE": [
          2.134790248236437,
          2.4421656883260043,
          16.902462514241538
        ]
      },
      "p_vs_NoIntervention": {
        "collapse_rate.p_vs_NoIntervention": 0.5616437193483339,
        "avg_time_to_p4.p_vs_NoIntervention": 0.186741205810292,
        "avg_total_fcrit_injected.p_vs_NoIntervention": 1.3525992661793789e-84
      }
    },
    "D_RLAgentPolicy": {
      "n_runs": 30,
      "collapse_rate": [
        1.0,
        0.0
      ],
      "avg_time_to_p4": [
        800.0,
        0.0
      ],
      "avg_duration_stable_p4": [
        null,
        0.0
      ],
      "avg_total_fcrit_injected": 0.0,
      "avg_lever_cost": 7.267611026763916,
      "phase_occupancy": [
        0.0,
        0.026,
        0.052,
        0.834,
        0.088
      ],
      "fcrit_auc": 38584.21875,
      "sm_auc": -433.21051025390625,
      "sm_slope": -0.012292111512894431,
      "diagnostics": {
        "SpeedIndex": [
          0.09680814437669498,
          0.22306317438086898,
          1.4321509997049968
        ],
        "CoupleIndex": [
          0.144436296161873,
          0.48947448919217,
          1.0264300465583802
        ],
        "rhoE": [
          0.7599846213246582,
          2.1287027380202854,
          14.279489644368489
        ]
      },
      "rl_episode_return_mean": -46.96778919700773,
      "rl_steps_in_P4_mean": 69.6,
      "p_vs_NoIntervention": {
        "collapse_rate.p_vs_NoIntervention": 0.16078820842587674,
        "avg_time_to_p4.p_vs_NoIntervention": 5.091516308945725e-25,
        "avg_total_fcrit_injected.p_vs_NoIntervention": null
      }
    }
  },
  "data_uri": "results/curves.parquet",
  "raw_log_uri": "results/run_logs.csv"
}